segment,anomaly,train,channel,sampling,duration,len,mean,var,std,kurtosis,skew,n_peaks,smooth10_n_peaks,smooth20_n_peaks,diff_peaks,diff2_peaks,diff_var,diff2_var,gaps_squared,len_weighted,var_div_duration,var_div_len
1,1,1,CADC0872,1,279,280,8.533143499999998e-07,3.4942831557055196e-10,1.8693001780627744e-05,0.6311173662492302,0.5520522696354365,4,3,2,4,6,1.2711755417075724e-10,2.9606660433502864e-10,309,280,1.2524312386041289e-12,1.2479582698948283e-12
2,1,1,CADC0872,1,476,477,-3.639396266247381e-06,6.476484614528283e-10,2.5448938316810553e-05,-1.2436105409484077,0.42563226494501544,1,1,1,5,8,1.4893834768968183e-12,3.004752494170574e-12,644,477,1.3606060114555216e-12,1.357753587951422e-12
3,1,1,CADC0872,1,594,595,1.1707879512605042e-05,5.59287714097435e-10,2.3649264557221118e-05,-0.28459255765001235,-0.8261874641934153,3,2,2,2,3,4.1122802027893165e-12,1.0299180074673246e-11,772,595,9.4156180824484e-13,9.399793514242604e-13
4,1,1,CADC0872,1,271,272,8.486808235294126e-07,5.466023846614631e-10,2.3379529179636255e-05,-0.8870884659002054,-0.13849795146794935,2,2,2,3,6,2.4757597647001087e-11,6.240984572962386e-11,339,272,2.0169829692304914e-12,2.009567590667144e-12
5,0,0,CADC0872,1,255,257,1.0584846070038911e-05,5.27902278315266e-10,2.2976124092528443e-05,-1.4843933372949996,-0.060154878172477215,1,1,1,78,87,5.547101361564531e-13,7.035422088489087e-13,357,257,2.070205013001043e-12,2.054094468152786e-12
219,0,1,CADC0892,5,215,44,0.3608528227272727,0.17631890486299173,0.4199034470720522,-1.1431892127341254,0.6792455325622585,1,1,1,3,6,0.005882546570577209,0.0021332786692342875,1093,220,0.0008200879295953104,0.0040072478377952666
220,0,1,CADC0892,5,250,52,0.3112935942307692,0.19121406870435287,0.4372803090745716,-0.47789711658801926,1.0581193615064775,1,1,1,5,11,0.005947522849443136,0.0012736127415499993,1262,260,0.0007648562748174115,0.0036771936289298627
235,1,0,CADC0892,5,250,27,0.05147188148148149,0.017610696782809656,0.13270530050758958,6.167141894914868,2.705066235608958,1,1,1,1,2,0.014176422406818462,0.0319037527611136,16250,135,7.044278713123862e-05,0.0006522480289929502
238,1,1,CADC0874,1,535,536,3.35508804477612e-06,3.4188839066800047e-10,1.849022419193452e-05,-0.6667261958505706,-0.4583999339906204,6,5,3,8,13,3.202793375702908e-11,7.243442056393251e-11,615,536,6.390437208747672e-13,6.378514751268665e-13
239,1,0,CADC0874,1,443,445,1.3516306296629213e-05,1.362642771641956e-10,1.1673229080429956e-05,-1.7235599542059659,-0.11591559537646058,3,3,3,3,12,3.160771434957838e-12,6.66968590218358e-12,575,445,3.07594305111051e-13,3.062118587959452e-13
333,0,1,CADC0884,5,550,111,0.310478142972973,0.12721069132739385,0.35666607818433455,-1.3015162458372733,0.6085554605564972,1,1,1,4,15,0.00063496098312756,0.00010736436940952478,2750,555,0.000231292166049807,0.0011460422642107554
334,0,1,CADC0884,5,555,112,0.29920054410714286,0.12088775218827841,0.347689160297353,-1.1392718099508798,0.6963641748626086,1,1,1,2,17,0.0006317471694050673,0.00011062173303412179,2775,560,0.00021781576970860976,0.0010793549302524858
443,1,1,CADC0873,1,289,290,-1.071573578275862e-05,2.7219739244729657e-10,1.649840575471753e-05,-1.4115365863417595,-0.021957786128297702,2,2,2,1,8,1.5711540896592219e-12,2.8603939668623684e-12,347,290,9.418594894370123e-13,9.386116980941261e-13
444,1,0,CADC0873,1,501,502,5.773268397808765e-06,4.4126767615758726e-10,2.100637227504043e-05,-0.45085468639069504,-0.39018372003288715,4,4,4,4,8,2.4974897038821384e-11,5.891639646721521e-11,657,502,8.80773804705763e-13,8.790192752143172e-13
